-- ============================================================
-- MASTER:RE FMS - 시드 데이터
-- schema.sql 실행 후 이 파일을 Supabase SQL Editor에서 실행하세요
-- ============================================================

-- Jobs
INSERT INTO jobs (id, received_date, insurer, accident_no, policy_no, claim_type, reviewer, reviewer_phone, adjuster, adjuster_phone, insured, insured_phone, address, notes, stage, daily_checked, created_at, updated_at)
VALUES
  ('a0000001-0000-0000-0000-000000000001', '2026-02-03', '현대해상', '20260203-123456', 'HD-2026-00123', 'both', '김철수', '010-4444-1234', '임꺽정', '010-1234-4444', '홍길동', '010-1223-4567', '인천시 서구 가좌동 진주아파트 101-1001', '3월6일 방문약속', 'new_site', false, '2026-02-03T08:30:00+09:00', '2026-02-03T11:31:00+09:00'),
  ('a0000001-0000-0000-0000-000000000002', '2026-02-01', '삼성화재', '20260201-789012', 'SS-2026-00456', 'property', '박영희', '010-2222-3333', '이순신', '010-3333-4444', '홍길동', '010-9876-5432', '인천시 서구 가좌동 진주아파트 101-1001', '3월6일 방문약속', 'estimate', true, '2026-02-01T09:00:00+09:00', '2026-02-05T14:00:00+09:00'),
  ('a0000001-0000-0000-0000-000000000003', '2026-01-28', 'DB손해보험', '20260128-345678', 'DB-2026-00789', 'injury', '정대만', '010-5555-1111', '서태웅', '010-6666-2222', '손흥민', '010-7777-8888', '인천시 남동구 간석동 현대아파트 202-301', '위층 배관 누수, 아래층 천장 피해', 'claiming', true, '2026-01-28T10:00:00+09:00', '2026-02-20T16:30:00+09:00'),
  ('a0000001-0000-0000-0000-000000000004', '2026-02-10', 'KB손해보험', '20260210-111222', 'KB-2026-01234', 'both', '최준혁', '010-8888-9999', '강백호', '010-0000-1111', '박지성', '010-4567-8901', '서울시 마포구 합정동 메세나폴리스 1501', '욕실 누수, 긴급 처리 필요', 'site_survey', false, '2026-02-10T14:00:00+09:00', '2026-02-10T14:00:00+09:00'),
  ('a0000001-0000-0000-0000-000000000005', '2026-02-15', '메리츠화재', '20260215-333444', 'MZ-2026-05678', 'property', '윤동주', '010-1234-5678', '한용운', '010-8765-4321', '이영표', '010-6543-2109', '경기도 성남시 분당구 정자동 래미안 302-1204', '', 'restoration', false, '2026-02-15T11:30:00+09:00', '2026-02-22T09:00:00+09:00'),
  ('a0000001-0000-0000-0000-000000000006', '2026-01-15', '한화손해보험', '20260115-555666', 'HW-2026-09876', 'both', '김소월', '010-9999-0000', '나태주', '010-1111-0000', '안정환', '010-5678-1234', '인천시 연수구 송도동 더샵센트럴파크 801', '보고서 작성 완료, 견적서 대기 중', 'report_writing', true, '2026-01-15T08:00:00+09:00', '2026-02-18T15:00:00+09:00'),
  ('a0000001-0000-0000-0000-000000000007', '2025-12-20', '현대해상', '20251220-777888', 'HD-2025-11111', 'property', '김영랑', '010-2222-5555', '백석', '010-3333-6666', '이천수', '010-8888-1111', '서울시 강남구 역삼동 아이파크 2301', '공사 완료, 최종 사진 첨부 필요', 'completed', true, '2025-12-20T09:00:00+09:00', '2026-02-24T17:00:00+09:00');

-- Victims
INSERT INTO victims (job_id, name, phone, sort_order)
VALUES
  ('a0000001-0000-0000-0000-000000000001', '추성훈', '010-5555-6666', 0),
  ('a0000001-0000-0000-0000-000000000003', '김민재', '010-1111-2222', 0),
  ('a0000001-0000-0000-0000-000000000003', '이강인', '010-3333-4444', 1),
  ('a0000001-0000-0000-0000-000000000004', '차범근', '010-2345-6789', 0),
  ('a0000001-0000-0000-0000-000000000006', '유상철', '010-4321-8765', 0);

-- Comments
INSERT INTO comments (job_id, author, text, created_at)
VALUES
  ('a0000001-0000-0000-0000-000000000001', '김철수', '현장방문일정 잡음', '2026-02-03T11:31:00+09:00'),
  ('a0000001-0000-0000-0000-000000000002', '박영희', '견적서 작성 중', '2026-02-05T14:00:00+09:00'),
  ('a0000001-0000-0000-0000-000000000002', '운영자', '보험사 확인 완료', '2026-02-04T10:00:00+09:00'),
  ('a0000001-0000-0000-0000-000000000003', '운영자', '보험사에 청구서 발송 완료', '2026-02-20T16:30:00+09:00'),
  ('a0000001-0000-0000-0000-000000000005', '시공팀', '복구공사 진행 중 - 천장 석고보드 교체', '2026-02-22T09:00:00+09:00'),
  ('a0000001-0000-0000-0000-000000000007', '시공팀', '공사 완료. 공사후 사진 업로드 예정', '2026-02-24T17:00:00+09:00');
